train_index_local,distance,label
1897,0.047313126671808974,1
378,0.04732052286044077,1
1120,0.04906110833068644,1
1714,0.04979161914706424,1
595,0.04981778617445389,1
