ra,dec
280.97177,43.87557
10.6847083,41.26875
18 43 53.2248017160,+43 52 32.059767288